timeStamp,elapsed,label,responseCode,responseMessage,threadName,dataType,success,failureMessage,bytes,sentBytes,grpThreads,allThreads,URL,Latency,IdleTime,Connect
1735103455894,38497,localhost Memory,,,,,true,,0,0,0,0,null,0,0,0
1735103455896,1900,localhost CPU,,,,,true,,0,0,0,0,null,0,0,0
1735103456903,40030,localhost Memory,,,,,true,,0,0,0,0,null,0,0,0
1735103456903,34331,localhost CPU,,,,,true,,0,0,0,0,null,0,0,0
1735103457912,40119,localhost Memory,,,,,true,,0,0,0,0,null,0,0,0
1735103457912,49510,localhost CPU,,,,,true,,0,0,0,0,null,0,0,0
1735103458920,39876,localhost Memory,,,,,true,,0,0,0,0,null,0,0,0
1735103458920,61492,localhost CPU,,,,,true,,0,0,0,0,null,0,0,0
1735103459923,39882,localhost Memory,,,,,true,,0,0,0,0,null,0,0,0
1735103459923,68982,localhost CPU,,,,,true,,0,0,0,0,null,0,0,0
1735103460932,39876,localhost Memory,,,,,true,,0,0,0,0,null,0,0,0
1735103460932,68530,localhost CPU,,,,,true,,0,0,0,0,null,0,0,0
1735103461947,39888,localhost Memory,,,,,true,,0,0,0,0,null,0,0,0
1735103461947,68654,localhost CPU,,,,,true,,0,0,0,0,null,0,0,0
1735103462955,39895,localhost Memory,,,,,true,,0,0,0,0,null,0,0,0
1735103462955,66487,localhost CPU,,,,,true,,0,0,0,0,null,0,0,0
1735103463962,39881,localhost Memory,,,,,true,,0,0,0,0,null,0,0,0
1735103463962,68456,localhost CPU,,,,,true,,0,0,0,0,null,0,0,0
1735103464972,39984,localhost Memory,,,,,true,,0,0,0,0,null,0,0,0
1735103464972,71646,localhost CPU,,,,,true,,0,0,0,0,null,0,0,0
1735103466026,40151,localhost Memory,,,,,true,,0,0,0,0,null,0,0,0
1735103466026,75237,localhost CPU,,,,,true,,0,0,0,0,null,0,0,0
1735103467028,40361,localhost Memory,,,,,true,,0,0,0,0,null,0,0,0
1735103467028,72499,localhost CPU,,,,,true,,0,0,0,0,null,0,0,0
1735103468033,40393,localhost Memory,,,,,true,,0,0,0,0,null,0,0,0
1735103468033,67080,localhost CPU,,,,,true,,0,0,0,0,null,0,0,0
1735103469044,40442,localhost Memory,,,,,true,,0,0,0,0,null,0,0,0
1735103469044,67776,localhost CPU,,,,,true,,0,0,0,0,null,0,0,0
1735103470052,40528,localhost Memory,,,,,true,,0,0,0,0,null,0,0,0
1735103470052,69614,localhost CPU,,,,,true,,0,0,0,0,null,0,0,0
1735103471053,40528,localhost Memory,,,,,true,,0,0,0,0,null,0,0,0
1735103471053,69078,localhost CPU,,,,,true,,0,0,0,0,null,0,0,0
1735103472058,40670,localhost Memory,,,,,true,,0,0,0,0,null,0,0,0
1735103472058,64539,localhost CPU,,,,,true,,0,0,0,0,null,0,0,0
1735103473069,40668,localhost Memory,,,,,true,,0,0,0,0,null,0,0,0
1735103473069,67562,localhost CPU,,,,,true,,0,0,0,0,null,0,0,0
1735103474076,40662,localhost Memory,,,,,true,,0,0,0,0,null,0,0,0
1735103474076,70256,localhost CPU,,,,,true,,0,0,0,0,null,0,0,0
1735103475117,40662,localhost Memory,,,,,true,,0,0,0,0,null,0,0,0
1735103475117,68347,localhost CPU,,,,,true,,0,0,0,0,null,0,0,0
1735103476119,40666,localhost Memory,,,,,true,,0,0,0,0,null,0,0,0
1735103476119,67637,localhost CPU,,,,,true,,0,0,0,0,null,0,0,0
1735103477134,40720,localhost Memory,,,,,true,,0,0,0,0,null,0,0,0
1735103477134,71804,localhost CPU,,,,,true,,0,0,0,0,null,0,0,0
1735103478139,40683,localhost Memory,,,,,true,,0,0,0,0,null,0,0,0
1735103478139,69669,localhost CPU,,,,,true,,0,0,0,0,null,0,0,0
1735103479148,40684,localhost Memory,,,,,true,,0,0,0,0,null,0,0,0
1735103479148,67897,localhost CPU,,,,,true,,0,0,0,0,null,0,0,0
1735103480156,40642,localhost Memory,,,,,true,,0,0,0,0,null,0,0,0
1735103480156,68286,localhost CPU,,,,,true,,0,0,0,0,null,0,0,0
1735103481161,40637,localhost Memory,,,,,true,,0,0,0,0,null,0,0,0
1735103481161,68335,localhost CPU,,,,,true,,0,0,0,0,null,0,0,0
1735103482170,40641,localhost Memory,,,,,true,,0,0,0,0,null,0,0,0
1735103482170,69152,localhost CPU,,,,,true,,0,0,0,0,null,0,0,0
1735103483181,40637,localhost Memory,,,,,true,,0,0,0,0,null,0,0,0
1735103483181,68348,localhost CPU,,,,,true,,0,0,0,0,null,0,0,0
1735103484182,40649,localhost Memory,,,,,true,,0,0,0,0,null,0,0,0
1735103484182,69547,localhost CPU,,,,,true,,0,0,0,0,null,0,0,0
1735103485191,40653,localhost Memory,,,,,true,,0,0,0,0,null,0,0,0
1735103485191,68374,localhost CPU,,,,,true,,0,0,0,0,null,0,0,0
1735103486202,40653,localhost Memory,,,,,true,,0,0,0,0,null,0,0,0
1735103486202,69040,localhost CPU,,,,,true,,0,0,0,0,null,0,0,0
1735103487207,40708,localhost Memory,,,,,true,,0,0,0,0,null,0,0,0
1735103487207,69922,localhost CPU,,,,,true,,0,0,0,0,null,0,0,0
1735103488253,40769,localhost Memory,,,,,true,,0,0,0,0,null,0,0,0
1735103488253,68563,localhost CPU,,,,,true,,0,0,0,0,null,0,0,0
1735103489301,40825,localhost Memory,,,,,true,,0,0,0,0,null,0,0,0
1735103489301,66961,localhost CPU,,,,,true,,0,0,0,0,null,0,0,0
1735103490301,40827,localhost Memory,,,,,true,,0,0,0,0,null,0,0,0
1735103490301,67219,localhost CPU,,,,,true,,0,0,0,0,null,0,0,0
1735103491309,40833,localhost Memory,,,,,true,,0,0,0,0,null,0,0,0
1735103491309,68061,localhost CPU,,,,,true,,0,0,0,0,null,0,0,0
1735103492323,40887,localhost Memory,,,,,true,,0,0,0,0,null,0,0,0
1735103492323,68958,localhost CPU,,,,,true,,0,0,0,0,null,0,0,0
1735103493331,40938,localhost Memory,,,,,true,,0,0,0,0,null,0,0,0
1735103493331,67332,localhost CPU,,,,,true,,0,0,0,0,null,0,0,0
1735103494342,41016,localhost Memory,,,,,true,,0,0,0,0,null,0,0,0
1735103494342,67092,localhost CPU,,,,,true,,0,0,0,0,null,0,0,0
1735103495344,41016,localhost Memory,,,,,true,,0,0,0,0,null,0,0,0
1735103495344,70220,localhost CPU,,,,,true,,0,0,0,0,null,0,0,0
1735103496353,41067,localhost Memory,,,,,true,,0,0,0,0,null,0,0,0
1735103496353,71884,localhost CPU,,,,,true,,0,0,0,0,null,0,0,0
1735103497360,41138,localhost Memory,,,,,true,,0,0,0,0,null,0,0,0
1735103497360,70477,localhost CPU,,,,,true,,0,0,0,0,null,0,0,0
1735103498367,39960,localhost Memory,,,,,true,,0,0,0,0,null,0,0,0
1735103498367,71880,localhost CPU,,,,,true,,0,0,0,0,null,0,0,0
1735103499373,39945,localhost Memory,,,,,true,,0,0,0,0,null,0,0,0
1735103499373,69679,localhost CPU,,,,,true,,0,0,0,0,null,0,0,0
1735103500385,39943,localhost Memory,,,,,true,,0,0,0,0,null,0,0,0
1735103500385,69635,localhost CPU,,,,,true,,0,0,0,0,null,0,0,0
1735103501400,38979,localhost Memory,,,,,true,,0,0,0,0,null,0,0,0
1735103501400,69157,localhost CPU,,,,,true,,0,0,0,0,null,0,0,0
1735103502403,38959,localhost Memory,,,,,true,,0,0,0,0,null,0,0,0
1735103502403,68853,localhost CPU,,,,,true,,0,0,0,0,null,0,0,0
1735103503419,38964,localhost Memory,,,,,true,,0,0,0,0,null,0,0,0
1735103503419,69552,localhost CPU,,,,,true,,0,0,0,0,null,0,0,0
1735103504428,38924,localhost Memory,,,,,true,,0,0,0,0,null,0,0,0
1735103504428,69129,localhost CPU,,,,,true,,0,0,0,0,null,0,0,0
1735103505437,38918,localhost Memory,,,,,true,,0,0,0,0,null,0,0,0
1735103505437,69489,localhost CPU,,,,,true,,0,0,0,0,null,0,0,0
1735103506446,38875,localhost Memory,,,,,true,,0,0,0,0,null,0,0,0
1735103506446,68801,localhost CPU,,,,,true,,0,0,0,0,null,0,0,0
1735103507451,38873,localhost Memory,,,,,true,,0,0,0,0,null,0,0,0
1735103507451,68149,localhost CPU,,,,,true,,0,0,0,0,null,0,0,0
1735103508467,38864,localhost Memory,,,,,true,,0,0,0,0,null,0,0,0
1735103508467,67886,localhost CPU,,,,,true,,0,0,0,0,null,0,0,0
1735103509478,38871,localhost Memory,,,,,true,,0,0,0,0,null,0,0,0
1735103509478,69159,localhost CPU,,,,,true,,0,0,0,0,null,0,0,0
1735103510489,38867,localhost Memory,,,,,true,,0,0,0,0,null,0,0,0
1735103510489,69294,localhost CPU,,,,,true,,0,0,0,0,null,0,0,0
1735103511497,38865,localhost Memory,,,,,true,,0,0,0,0,null,0,0,0
1735103511497,68381,localhost CPU,,,,,true,,0,0,0,0,null,0,0,0
1735103512510,38869,localhost Memory,,,,,true,,0,0,0,0,null,0,0,0
1735103512510,68826,localhost CPU,,,,,true,,0,0,0,0,null,0,0,0
1735103513522,38868,localhost Memory,,,,,true,,0,0,0,0,null,0,0,0
1735103513522,68379,localhost CPU,,,,,true,,0,0,0,0,null,0,0,0
1735103514537,38864,localhost Memory,,,,,true,,0,0,0,0,null,0,0,0
1735103514537,68320,localhost CPU,,,,,true,,0,0,0,0,null,0,0,0
1735103515550,38868,localhost Memory,,,,,true,,0,0,0,0,null,0,0,0
1735103515550,69294,localhost CPU,,,,,true,,0,0,0,0,null,0,0,0
1735103516557,38866,localhost Memory,,,,,true,,0,0,0,0,null,0,0,0
1735103516557,70043,localhost CPU,,,,,true,,0,0,0,0,null,0,0,0
1735103517562,38863,localhost Memory,,,,,true,,0,0,0,0,null,0,0,0
1735103517562,68242,localhost CPU,,,,,true,,0,0,0,0,null,0,0,0
1735103518571,38869,localhost Memory,,,,,true,,0,0,0,0,null,0,0,0
1735103518571,68219,localhost CPU,,,,,true,,0,0,0,0,null,0,0,0
1735103519584,38869,localhost Memory,,,,,true,,0,0,0,0,null,0,0,0
1735103519584,69735,localhost CPU,,,,,true,,0,0,0,0,null,0,0,0
1735103520590,38862,localhost Memory,,,,,true,,0,0,0,0,null,0,0,0
1735103520590,68001,localhost CPU,,,,,true,,0,0,0,0,null,0,0,0
1735103521600,38891,localhost Memory,,,,,true,,0,0,0,0,null,0,0,0
1735103521600,66910,localhost CPU,,,,,true,,0,0,0,0,null,0,0,0
1735103522608,38979,localhost Memory,,,,,true,,0,0,0,0,null,0,0,0
1735103522608,69335,localhost CPU,,,,,true,,0,0,0,0,null,0,0,0
1735103523623,39029,localhost Memory,,,,,true,,0,0,0,0,null,0,0,0
1735103523623,68094,localhost CPU,,,,,true,,0,0,0,0,null,0,0,0
1735103524634,39073,localhost Memory,,,,,true,,0,0,0,0,null,0,0,0
1735103524634,70607,localhost CPU,,,,,true,,0,0,0,0,null,0,0,0
1735103525648,39167,localhost Memory,,,,,true,,0,0,0,0,null,0,0,0
1735103525648,70576,localhost CPU,,,,,true,,0,0,0,0,null,0,0,0
1735103526659,39164,localhost Memory,,,,,true,,0,0,0,0,null,0,0,0
1735103526659,69170,localhost CPU,,,,,true,,0,0,0,0,null,0,0,0
1735103527668,39250,localhost Memory,,,,,true,,0,0,0,0,null,0,0,0
1735103527668,68264,localhost CPU,,,,,true,,0,0,0,0,null,0,0,0
1735103528672,39332,localhost Memory,,,,,true,,0,0,0,0,null,0,0,0
1735103528672,68934,localhost CPU,,,,,true,,0,0,0,0,null,0,0,0
1735103529683,39328,localhost Memory,,,,,true,,0,0,0,0,null,0,0,0
1735103529683,68180,localhost CPU,,,,,true,,0,0,0,0,null,0,0,0
1735103530684,39386,localhost Memory,,,,,true,,0,0,0,0,null,0,0,0
1735103530684,68573,localhost CPU,,,,,true,,0,0,0,0,null,0,0,0
1735103531697,39439,localhost Memory,,,,,true,,0,0,0,0,null,0,0,0
1735103531697,69738,localhost CPU,,,,,true,,0,0,0,0,null,0,0,0
1735103532703,39527,localhost Memory,,,,,true,,0,0,0,0,null,0,0,0
1735103532703,68437,localhost CPU,,,,,true,,0,0,0,0,null,0,0,0
1735103533712,39523,localhost Memory,,,,,true,,0,0,0,0,null,0,0,0
1735103533712,69947,localhost CPU,,,,,true,,0,0,0,0,null,0,0,0
